"date","season","playoff","team1","team2","elo1_pre","elo2_pre","elo_prob1","elo_prob2","elo1_post","elo2_post","qbelo1_pre","qbelo2_pre","qb1","qb2","qb1_value_pre","qb2_value_pre","qb1_adj","qb2_adj","qbelo_prob1","qbelo_prob2","qb1_game_value","qb2_game_value","qb1_value_post","qb2_value_post","qbelo1_post","qbelo2_post","score1","score2"
2020-09-10,2020,"r","KC","HOU",1664.85,1527.93,0.76,0.24,1676.67,1516.11,1651.21,1497.45,"Patrick Mahomes","Deshaun Watson",239.7,195.62,6.94,3.63,0.75,0.25,250.96,163.11,240.82,192.37,1663.57,1485.1,34,20
2020-09-13,2020,"r","MIN","GB",1571.14,1582.46,0.58,0.42,1543.92,1609.68,1544.59,1555.43,"Kirk Cousins","Aaron Rodgers",158.21,176.74,-0.81,0.49,0.53,0.47,272.76,487.23,169.66,207.79,1519.87,1580.15,34,43
2020-09-13,2020,"r","BUF","NYJ",1511.35,1458.06,0.66,0.34,1526.65,1442.77,1532.81,1451.15,"Josh Allen","Sam Darnold",153.18,134.12,0.6,5.19,0.65,0.35,380.75,93.65,175.93,130.07,1548.57,1435.39,27,17
2020-09-13,2020,"r","ATL","SEA",1534.52,1546.9,0.58,0.42,1503.41,1578,1500.66,1543.57,"Matt Ryan","Russell Wilson",179.59,193.19,-1.74,4.24,0.49,0.51,322.27,440.21,193.86,217.89,1474.9,1569.33,25,38
2020-09-13,2020,"r","JAX","IND",1438.5,1482.65,0.53,0.47,1457.87,1463.29,1392.06,1518.2,"Gardner Minshew","Philip Rivers",121.76,155.62,-8.65,6.98,0.35,0.65,216.98,266.99,131.28,166.76,1420.37,1489.89,27,20
2020-09-13,2020,"r","BAL","CLE",1638.43,1440.53,0.82,0.18,1649.7,1429.26,1628.81,1499.69,"Lamar Jackson","Baker Mayfield",262.06,130.97,17.75,-3.59,0.74,0.26,363.49,64.24,272.2,124.3,1645.37,1483.13,38,6
2020-09-13,2020,"r","NE","MIA",1581.53,1413.92,0.79,0.21,1590.54,1404.91,1556.62,1424.16,"Cam Newton","Ryan Fitzpatrick",153.59,178.99,-5.04,10.51,0.71,0.29,270.29,42.4,165.26,165.33,1569.65,1411.13,21,11
2020-09-13,2020,"r","CAR","OAK",1417.74,1437.33,0.56,0.44,1399.17,1452.21,1416.3,1461.44,"Teddy Bridgewater","Derek Carr",1,181.36,11.85,4.49,0.5,0.5,221.34,1,161.79,188.01,1400.05,1477.69,30,34
2020-09-13,2020,"r","DET","CHI",1404.57,1524.56,0.42,0.58,1391.33,1537.8,1437.09,1527.16,"Matthew Stafford","Mitchell Trubisky",193.2,140.73,15.61,-1.58,25,0.56,188.32,238.51,192.71,150.51,1423.04,1541.21,23,27
2020-09-13,2020,"r","WSH","PHI",1368.49,1528.56,0.37,0.63,1400.24,1496.81,1383.28,1548.8,"Dwayne Haskins","Carson Wentz",88.77,167.68,-11.03,-0.73,0.31,0.69,80.11,-84.55,87.91,142.45,1418.87,1513.21,27,17
2020-09-13,2020,"r","CIN","LAC",1382.63,1470.39,0.47,0.53,1369.8,1483.21,1393.81,1477.8,"Joe Burrow","Tyrod Taylor",112.9,111.82,-3.96,-16.21,0.46,0.54,133.42,39.88,114.95,104.63,1381.36,1490.25,13,16
2020-09-13,2020,"r","SF","ARI",1603.79,1442.65,0.79,0.21,1575.58,1470.85,1603.28,1461.35,"Jimmy Garoppolo","Kyler Murray",136.33,158.06,-2.66,3.72,0.73,0.27,136.42,307.07,136.33,172.96,1577.87,1486.77,20,24
2020-09-13,2020,"r","NO","TB",1609.81,1498.63,0.73,0.27,1622.05,1486.38,1598.76,1541.69,"Drew Brees","Tom Brady",258.65,150.13,15.47,0,0.56,0.44,144.38,147.48,247.23,149.87,1620.16,1520.29,34,23
2020-09-13,2020,"r","LAR","DAL",1548.23,1532.12,0.61,0.39,1558.54,1521.81,1537.53,1554.39,"Jared Goff","Dak Prescott",174.97,219.83,3.37,0,0.53,0.47,135.42,219.34,171.01,219.78,1550.56,1541.36,20,17
2020-09-14,2020,"r","NYG","PIT",1404.91,1511.7,0.42,0.58,1371.4,1531.38,1418.56,1546.92,"Daniel Jones","Ben Roethlisberger",153.18,215.9,0.7,26.55,0.33,0.67,171.84,220.29,155.05,216.34,1403.37,1562.11,16,26
2020-09-14,2020,"r","DEN","TEN",1495.66,1599.11,0.44,0.56,1486.05,1608.72,1490.54,1543.23,"Drew Lock","Ryan Tannehill",113.11,175.16,-5.93,6.03,0.46,0.54,195.82,276.59,121.38,185.3,1480.54,1553.22,14,16
2020-09-17,2020,"r","CLE","CIN",1429.26,1369.8,0.67,0.33,1440.39,1358.67,1483.13,1381.36,"Baker Mayfield","Joe Burrow",124.3,114.95,-6.75,-2.74,0.68,0.32,193.61,248.6,131.23,128.32,1493.92,1370.57,35,30
2020-09-20,2020,"r","CHI","NYG",1537.8,1371.4,0.79,0.21,1543.88,1366.8,1541.21,1403.37,"Mitchell Trubisky","Daniel Jones",150.51,155.05,3.39,1.6,0.73,0.27,10.91,63.37,136.55,145.88,1549.17,1395.42,17,13
2020-09-20,2020,"r","MIA","BUF",1404.91,1526.65,0.42,0.58,1393.59,1537.98,1411.13,1548.57,"Ryan Fitzpatrick","Josh Allen",165.33,175.93,3.15,11.95,0.35,0.65,294.85,432.63,178.28,201.6,1401.91,1557.78,28,31
2020-09-20,2020,"r","TB","CAR",1486.38,1399.17,0.71,0.29,1501.27,1384.28,1520.29,1400.05,"Tom Brady","Teddy Bridgewater",149.87,161.79,-1.28,14.57,0.69,0.31,154.53,111.71,150.33,156.78,1536.05,1384.29,31,17
2020-09-20,2020,"r","PIT","DEN",1531.38,1486.05,0.65,0.35,1543.2,1474.23,1562.11,1480.54,"Ben Roethlisberger","Drew Lock",216.34,121.38,25.44,-1.5,0.7,0.3,247.88,-1.46,219.49,109.1,1572.2,1470.45,26,21
2020-09-20,2020,"r","PHI","LAR",1496.81,1558.54,0.5,0.5,1467.04,1588.3,1513.21,1550.56,"Carson Wentz","Jared Goff",142.45,171.01,-13.3,1.23,0.49,0.51,143,310.7,142.51,184.98,1484.67,1579.09,19,37
2020-09-20,2020,"r","GB","DET",1609.68,1391.33,0.84,0.16,1618.64,1382.37,1580.15,1423.04,"Aaron Rodgers","Matthew Stafford",207.79,192.71,15.99,14.59,0.75,0.25,190.91,109.93,206.1,184.43,1594.25,1408.94,42,21
2020-09-20,2020,"r","IND","MIN",1463.29,1543.92,0.48,0.52,1493.71,1513.5,1489.89,1519.87,"Philip Rivers","Kirk Cousins",166.76,169.66,12.2,4.96,0.52,0.48,130.86,-215.31,163.17,131.17,1517.62,1492.14,28,11
2020-09-20,2020,"r","TEN","JAX",1608.72,1457.87,0.78,0.22,1614.37,1452.21,1553.22,1420.37,"Ryan Tannehill","Gardner Minshew",185.3,136.33,10.8,-3.46,0.74,0.26,331.48,238.46,199.92,142,1559.87,1413.72,33,30
2020-09-20,2020,"r","NYJ","SF",1442.77,1575.58,0.4,0.6,1419.71,1598.64,1435.39,1577.87,"Sam Darnold","Jimmy Garoppolo",130.07,136.33,2.91,-2.52,0.37,0.63,157.04,147.84,132.77,137.48,1414.59,1598.67,13,31
2020-09-20,2020,"r","DAL","ATL",1521.81,1503.41,0.62,0.38,1526.92,1498.31,1541.36,1474.9,"Dak Prescott","Matt Ryan",219.78,193.86,5.87,5.48,0.64,0.36,529.38,345.42,250.74,209.02,1546.08,1470.18,40,39
2020-09-20,2020,"r","ARI","WSH",1470.85,1400.24,0.69,4000,1487.26,1383.83,1486.77,1418.87,"Kyler Murray","Dwayne Haskins",172.96,87.91,10.98,-10.91,0.68,0.32,341.05,48.05,189.77,83.92,1503.53,1402.11,30,15
2020-09-20,2020,"r","HOU","BAL",1477.17,1649.7,0.4,0.6,1493.54,1672.27,0,1645.37,"Deshaun Watson","Lamar Jackson",192.37,272.2,1.83,21.93,0.31,0.69,160.33,121.56,189.16,257.14,1468.49,1661.98,16,33
2020-09-20,2020,"r","LAC","KC",1483.21,1676.67,0.32,0.68,1474.75,1685.13,0,1663.57,"Justin Herbert","Patrick Mahomes",110.63,240.82,-12.99,7.16,0.28,0.72,260.52,320.76,125.62,248.82,1482.9,1670.91,20,23
2020-09-20,2020,"r","SEA","NE",1578,1590.54,0.57,0.43,1592.88,1575.66,1569.33,1569.65,"Russell Wilson","Cam Newton",217.89,165.26,16.38,1.05,0.58,0.42,433.6,418.98,239.46,190.63,1583.9,1555.08,35,30
2020-09-21,2020,"r","OAK","NO",1455.9,1622.05,0.36,0.64,1488.15,1589.8,1477.69,1620.16,"Derek Carr","Drew Brees",188.01,247.23,7.59,8.98,0.35,0.65,288.9,208.59,198.1,243.36,1510.24,1587.61,34,24
2020-09-24,2020,"r","JAX","MIA",1452.21,1393.59,0.67,0.33,1410.36,1435.44,1413.72,1401.91,"Gardner Minshew","Ryan Fitzpatrick",142,178.28,2.07,9.47,0.56,0.44,80.63,318.17,135.86,192.27,1380.43,1435.21,13,31
2020-09-27,2020,"r","CLE","WSH",1440.39,1383.83,0.67,0.33,1457.43,1366.8,1493.92,1402.11,"Baker Mayfield","Dwayne Haskins",131.23,83.92,-2.95,-12.36,0.69,0.31,132.9,-30.18,131.4,72.51,1509.96,1386.07,34,20
2020-09-27,2020,"r","ATL","CHI",1498.31,1543.88,0.53,0.47,1481.16,1561.03,1470.18,1549.17,"Matt Ryan","Mitchell Trubisky",209.02,136.55,12.79,-3.76,0.46,0.54,61.16,141.19,194.23,137.01,1455.52,1563.83,26,30
2020-09-27,2020,"r","NYG","SF",1365.32,1598.64,0.28,0.72,1348.29,1615.67,1395.42,1598.67,"Daniel Jones","Nick Mullens",145.88,75.33,-3.06,-63.97,0.36,0.64,70.28,223.52,138.32,90.15,1372.38,1621.7,9,36
2020-09-27,2020,"r","PHI","CIN",1467.04,1358.67,0.73,0.27,1460.01,1365.71,1484.67,1370.57,"Carson Wentz","Joe Burrow",142.51,128.32,-12.61,4.08,0.68,0.32,164.76,115.61,144.73,127.05,1479.12,1376.12,23,23
2020-09-27,2020,"r","BUF","LAR",1537.98,1588.3,0.52,0.48,1551.17,1575.11,1557.78,1579.09,"Josh Allen","Jared Goff",201.6,184.98,24.19,8.15,0.55,0.45,322.27,301.85,213.67,196.67,1569.99,1566.89,35,32
2020-09-27,2020,"r","MIN","TEN",1513.5,1614.37,0.45,0.55,1507.38,1620.49,1492.14,1559.87,"Kirk Cousins","Ryan Tannehill",131.17,199.92,-14.54,17.57,0.41,0.59,133.45,165.53,131.39,196.48,1486.64,1565.38,30,31
2020-09-27,2020,"r","NE","OAK",1575.66,1488.15,0.71,0.29,1591.22,1472.59,1555.08,1510.24,"Cam Newton","Derek Carr",190.63,198.1,13.68,12.26,0.62,0.38,37.75,297.71,175.34,208.06,1575.51,1489.81,36,20
2020-09-27,2020,"r","PIT","HOU",1543.2,1493.54,0.66,0.34,1556.67,1480.08,1572.2,1468.49,"Ben Roethlisberger","Deshaun Watson",219.49,189.16,25.74,0.13,0.72,0.28,136.24,156.32,211.16,185.88,1582.9,1457.8,28,21
2020-09-27,2020,"r","IND","NYJ",1493.71,1419.71,0.69,0.31,1513.54,1399.88,0,1414.59,"Philip Rivers","Sam Darnold",163.17,132.77,9.79,4.11,0.7,0.3,220.93,-23.74,168.95,117.12,1536.99,1395.21,36,7
2020-09-27,2020,"r","LAC","CAR",1474.75,1384.28,0.71,0.29,1447.37,1411.65,1482.9,1384.29,"Justin Herbert","Teddy Bridgewater",125.62,156.78,-4.84,11.34,0.67,0.33,232.9,212.95,136.35,162.4,1457.42,1409.78,16,21
2020-09-27,2020,"r","ARI","DET",1487.26,1382.37,0.73,0.27,1465.43,1404.2,1503.53,1408.94,"Kyler Murray","Matthew Stafford",189.77,184.43,18.84,9.72,0.7,0.3,169.45,151.22,187.74,181.11,1482.9,1429.57,23,26
2020-09-27,2020,"r","SEA","DAL",1592.88,1526.92,0.68,0.32,1605.44,1514.36,1583.9,1546.08,"Russell Wilson","Dak Prescott",239.46,250.74,26.34,21.06,0.62,0.38,334.06,319.79,248.92,257.64,1599.26,1530.73,38,31
2020-09-27,2020,"r","DEN","TB",1,1501.27,0.55,0.45,1441.01,1534.49,1470.45,1536.05,"Jeff Driskel","Tom Brady",71.43,150.33,-45.23,-0.98,0.31,0.69,-19.63,261.19,62.32,161.42,1453.11,1553.39,10,28
2020-09-27,2020,"r","NO","GB",1589.8,1618.64,0.55,0.45,1566.47,1641.98,1587.61,1594.25,"Drew Brees","Aaron Rodgers",243.36,206.1,6.6,14.35,0.53,0.47,361.8,315.34,255.21,217.03,1565.23,1616.63,30,37
2020-09-28,2020,"r","BAL","KC",1672.27,1685.13,0.57,0.43,1640.4,1721.59,1661.98,1670.91,"Lamar Jackson","Patrick Mahomes",257.14,248.82,13.3,10.8,0.54,0.46,116.78,600.42,243.1,283.98,1632.12,1700.77,20,34
2020-10-01,2020,"r","NYJ","DEN",1399.88,1441.01,0.53,0.47,1375,1465.88,1395.21,1453.11,"Sam Darnold","Brett Rypien",117.12,0,4.67,-109.85,0.62,0.38,156.02,55.74,121.01,5.57,1365.32,1483.01,-10,37
2020-10-04,2020,"r","TB","LAC",1534.49,1447.37,0.71,0.29,1545.93,1435.94,1553.39,1457.42,"Tom Brady","Justin Herbert",161.42,136.35,4.67,0.76,0.69,0.31,387.73,283.92,184.05,151.11,1565.39,1445.42,38,31
2020-10-04,2020,"r","DAL","CLE",1514.36,1457.43,0.67,0.33,1479.18,1492.6,1530.73,1509.96,"Dak Prescott","Baker Mayfield",257.64,131.4,23.46,-2.72,0.62,0.38,441.88,132.52,276.07,131.51,1498.76,1541.93,38,49
2020-10-04,2020,"r","HOU","MIN",1480.08,1507.38,0.55,0.45,1455.3,1532.15,1457.8,1486.64,"Deshaun Watson","Kirk Cousins",185.88,131.39,-1.52,-13.7,0.53,0.47,208.37,124.44,188.13,130.7,1434.3,1510.13,23,31
2020-10-04,2020,"r","MIA","SEA",1435.44,1605.44,0.35,0.65,1420.62,1620.26,1435.21,1599.26,"Ryan Fitzpatrick","Russell Wilson",192.27,248.92,15.99,29.76,0.32,0.68,206.09,215.5,193.65,245.58,1422.11,1612.36,23,31
2020-10-04,2020,"r","CIN","JAX",1365.71,1410.36,0.53,0.47,1386.21,1389.86,1376.12,1380.43,"Joe Burrow","Gardner Minshew",127.05,135.86,3.24,-1.1,0.55,0.45,198.61,219.84,134.2,144.26,1395.53,1361.01,33,25
2020-10-04,2020,"r","WSH","BAL",1366.8,1640.4,0.23,0.77,1355.36,1651.84,1386.07,1632.12,"Dwayne Haskins","Lamar Jackson",72.51,243.1,4.67,5.62,0.2,0.8,251.58,262.18,90.42,245.01,1376.07,1642.12,17,31
2020-10-04,2020,"r","CAR","ARI",1411.65,1465.43,0.52,0.48,1434.74,1442.34,1409.78,1482.9,"Teddy Bridgewater","Kyler Murray",162.4,187.74,13.58,16.88,0.45,0.55,323.47,367.74,178.51,205.74,1436.69,1455.98,31,21
2020-10-04,2020,"r","DET","NO",1404.2,1566.47,0.36,0.64,1390.65,1580.02,1429.57,1565.23,"Matthew Stafford","Drew Brees",181.11,255.21,7.57,12.19,0.36,0.64,129.92,134.88,175.99,243.17,1416.36,1578.43,29,35
2020-10-04,2020,"r","LAR","NYG",1575.11,1348.29,0.84,0.16,1581.21,1342.19,1566.89,1372.38,"Jared Goff","Daniel Jones",196.67,138.32,13.59,-6.69,0.81,0.19,152.58,38.16,192.26,128.3,1574.16,1365.11,17,9
2020-10-04,2020,"r","OAK","BUF",1472.59,1551.17,0.48,0.52,1452.73,1571.03,1489.81,1569.99,"Derek Carr","Josh Allen",208.06,213.67,16.62,29.01,0.43,0.57,342.17,297.84,221.47,222.09,1472.49,1587.31,23,30
2020-10-04,2020,"r","CHI","IND",1561.03,1513.54,0.66,0.34,1530.63,1543.95,1563.83,1536.99,"Nick Foles","Philip Rivers",147.26,168.95,6.9,12.19,0.58,0.42,143.07,122.75,146.84,164.33,1537.74,1563.08,11,19
2020-10-04,2020,"r","SF","PHI",1615.67,1460.01,0.78,0.22,1584.57,1491.11,1621.7,1479.12,"Nick Mullens","Carson Wentz",90.15,144.73,-53.37,-10.87,0.7,0.3,23,157.49,83.43,146.01,1595.05,1505.77,20,25
2020-10-05,2020,"r","KC","NE",1717,1591.22,0.75,0.25,1730.04,1578.18,1700.77,1575.51,"Patrick Mahomes","Brian Hoyer",283.98,112.51,4.67,-57.48,0.81,0.19,275.2,45.57,283.1,105.82,1710.59,1565.68,26,10
2020-10-05,2020,"r","GB","ATL",1641.98,1481.16,0.79,0.21,1652.5,1470.64,1616.63,1455.52,"Aaron Rodgers","Matt Ryan",217.03,194.23,19.09,4.75,0.77,0.23,389.85,163.49,234.31,191.16,1627.91,1444.24,30,16
2020-10-08,2020,"r","CHI","TB",1530.63,1545.93,0.57,0.43,1536.44,1540.12,1537.74,1565.39,"Nick Foles","Tom Brady",146.84,184.05,6.35,15.7,0.41,0.59,129.11,143.96,145.07,180.04,1546.23,1556.9,20,19
2020-10-11,2020,"r","WSH","LAR",1355.36,1581.21,0.28,0.72,1339.26,1597.31,1376.07,1574.16,"Kyle Allen","Jared Goff",85.51,192.26,-12.53,10.7,0.26,0.74,58.33,263.23,82.79,199.36,1361.27,1588.97,10,30
2020-10-11,2020,"r","PIT","PHI",1556.67,1491.11,0.68,0.32,1570.6,1477.17,1582.9,1505.77,"Ben Roethlisberger","Carson Wentz",211.16,146.01,20.29,-9.69,0.72,0.28,316.51,61.02,221.7,137.51,1594.78,1493.88,38,29
2020-10-11,2020,"r","BAL","CIN",1651.84,1386.21,0.87,0.13,1659.1,1378.94,1642.12,1395.53,"Lamar Jackson","Joe Burrow",245.01,134.2,6.29,6.66,0.83,0.17,68.9,-80.14,227.4,112.77,1651.58,1386.08,27,3
2020-10-11,2020,"r","ATL","CAR",1470.64,1434.74,0.64,0.36,1442.69,1462.69,1444.24,1436.69,"Matt Ryan","Teddy Bridgewater",191.16,178.51,2.98,20.95,0.53,0.47,15.36,280.56,173.58,188.71,1421.8,1459.13,16,23
2020-10-11,2020,"r","KC","OAK",1730.04,1452.73,0.88,0.12,1684.36,1498.41,1710.59,1472.49,"Patrick Mahomes","Derek Carr",283.1,221.47,26.01,22.5,0.83,0.17,168.74,314.19,271.66,230.74,1668.67,1514.42,32,40
2020-10-11,2020,"r","HOU","JAX",1455.3,1389.86,0.68,0.32,1472.46,1372.71,1434.3,1361.01,"Deshaun Watson","Gardner Minshew",188.13,144.26,-0.32,3.16,0.65,0.35,300.19,176.93,199.33,147.53,1453.32,1341.99,30,14
2020-10-11,2020,"r","NYJ","ARI",1375,1442.34,0.5,0.5,1344.79,1472.55,1365.32,1455.98,"Joe Flacco","Kyler Murray",108.3,205.74,-14.49,25.03,0.38,0.62,54.15,344.64,102.89,219.63,1343.36,1477.94,10,30
2020-10-11,2020,"r","SF","MIA",1584.57,1420.62,0.79,0.21,1526.53,1478.66,1595.05,1422.11,"Jimmy Garoppolo","Ryan Fitzpatrick",137.48,193.65,0,15.89,0.76,0.24,-174.81,900,106.26,212.08,1539.93,1477.23,17,43
2020-10-11,2020,"r","CLE","IND",1492.6,1543.95,0.52,0.48,1514.59,1521.96,1541.93,1563.08,"Baker Mayfield","Philip Rivers",131.51,164.33,-2.52,9.27,0.5,0.5,144.13,12.2,132.77,149.11,1564.87,1540.14,32,23
2020-10-11,2020,"r","DAL","NYG",1479.18,1342.19,0.76,0.24,1485.23,1336.14,1498.76,1365.11,"Dak Prescott","Daniel Jones",276.07,128.3,31.5,-11.36,0.78,0.22,41.95,43.03,252.66,119.78,1504.43,1359.43,37,34
2020-10-11,2020,"r","SEA","MIN",1620.26,1532.15,0.71,0.29,1624.05,1528.36,1612.36,1510.13,"Russell Wilson","Kirk Cousins",245.58,130.7,26.6,-13.36,0.74,0.26,219.7,124.14,242.99,130.04,1615.7,1506.79,27,26
2020-10-12,2020,"r","NO","LAC",1580.02,1435.94,0.77,0.23,1585.86,1430.09,1578.43,1445.42,"Drew Brees","Justin Herbert",243.17,151.11,5.56,8.1,0.73,0.27,242.25,238.89,243.08,159.89,1585.46,1438.39,30,27
2020-10-13,2020,"r","TEN","BUF",1620.49,1571.03,0.66,0.34,1641.85,1549.66,1565.38,1587.31,"Ryan Tannehill","Josh Allen",196.48,222.09,14.97,31.77,0.53,0.47,424.36,152.81,219.27,215.16,1595.97,1556.71,42,16
2020-10-18,2020,"r","IND","CIN",1521.96,1378.94,0.77,0.23,1528.78,1372.12,1540.14,1386.08,"Philip Rivers","Joe Burrow",149.11,112.77,1.2,-4.39,0.75,0.25,303.68,187.38,164.57,120.23,1547.47,1378.75,31,27
2020-10-18,2020,"r","NE","DEN",1578.18,1465.88,0.74,0.26,1547.06,1497,1565.68,1483.01,"Cam Newton","Drew Lock",175.34,109.1,11.57,1.96,0.68,0.32,87.47,-75.85,166.55,90.6,1537.45,1511.24,12,18
2020-10-18,2020,"r","NYG","WSH",1336.14,1339.26,0.59,0.41,1341.69,1333.7,1359.43,1361.27,"Daniel Jones","Kyle Allen",119.78,82.79,-15.06,-13.26,0.54,0.46,140.14,201.85,121.81,94.69,1365.67,1355.02,20,19
2020-10-18,2020,"r","PIT","CLE",1570.6,1514.59,0.67,0.33,1592.45,1492.74,1594.78,1564.87,"Ben Roethlisberger","Baker Mayfield",221.7,132.77,24.55,-1.77,0.63,0.37,85.81,-10.04,208.11,118.49,1619.67,1539.98,38,7
2020-10-18,2020,"r","JAX","DET",1372.71,1390.65,0.57,0.43,1338.57,1424.79,1341.99,1416.36,"Gardner Minshew","Matthew Stafford",147.53,175.99,4.63,4.63,0.41,0.59,144.6,124.76,147.23,170.87,1318.5,1439.85,0,34
2020-10-18,2020,"r","MIN","ATL",1528.36,1442.69,0.7,0.3,1484.66,1486.39,1506.79,1421.8,"Kirk Cousins","Matt Ryan",130.04,173.58,-13.02,-5.96,0.66,0.34,141.1,423.51,131.15,198.57,1466.59,1462,23,40
2020-10-18,2020,"r","TEN","HOU",1641.85,1472.46,0.79,0.21,1649.1,1465.21,1595.97,1453.32,"Ryan Tannehill","Deshaun Watson",219.27,199.33,25.61,5.3,0.76,0.24,323.15,411.12,229.65,220.51,1604.6,1444.7,42,36
2020-10-18,2020,"r","PHI","BAL",1477.17,1659.1,0.34,0.66,1470.13,1666.15,1493.88,1651.58,"Carson Wentz","Lamar Jackson",137.51,227.4,-13.45,-2.83,0.31,0.69,173.31,307.58,141.09,235.42,1487.36,1658.1,28,30
2020-10-18,2020,"r","CAR","CHI",1462.69,1536.44,0.49,0.51,1442.5,1556.63,1459.13,1546.23,"Teddy Bridgewater","Nick Foles",188.71,145.07,25.01,5.15,0.45,0.55,17.6,151.84,171.6,145.74,1440.51,1564.85,16,23
2020-10-18,2020,"r","MIA","NYJ",1492.6,1458.06,0.66,0.51,1530.63,1442.34,1434.27,1565.17,"Ryan Fitzpatrick","Joe Flacco",239.7,193.65,4.67,4.63,0.53,0.47,346.77,-154.91,243.1,165.33,1521.24,1541.21,24,0
2020-10-18,2020,"r","TB","GB",1540.12,1652.5,0.43,0.57,1579.2,1613.42,1556.9,1627.91,"Tom Brady","Aaron Rodgers",180.04,234.31,12.91,26.78,0.4,0.6,205.12,-154.91,182.55,195.39,1598.84,1585.97,38,10
2020-10-18,2020,"r","SF","LAR",1526.53,1597.31,0.49,0.51,1548.93,1574.91,1539.93,1588.97,"Jimmy Garoppolo","Jared Goff",106.26,199.36,-15.62,13.71,0.44,0.56,346.77,121.74,130.31,191.59,1565.17,1563.72,24,16
2020-10-19,2020,"r","BUF","KC",1549.66,1684.36,0.4,0.6,1531.76,1702.26,1556.71,1668.67,"Josh Allen","Patrick Mahomes",215.16,271.66,26.72,18.99,0.4,0.6,146.98,295.52,208.34,274.05,1538.68,1686.7,17,26
2020-10-19,2020,"r","DAL","ARI",1485.23,1472.55,0.61,0.39,1442.65,1515.13,1504.43,1477.94,"Andy Dalton","Kyler Murray",120.91,219.63,-113.53,30.73,0.39,0.61,31.61,253.04,111.98,222.97,1479.42,1502.96,10,38
2020-10-22,2020,"r","PHI","NYG",1470.13,1341.34,0.75,0.25,1473.28,1338.54,1487.36,1365.67,"Carson Wentz","Daniel Jones",141.09,121.81,-10.99,-13.29,0.71,0.29,217.47,252.57,148.73,134.89,1491.08,1361.95,22,21
2020-10-25,2020,"r","TEN","PIT",1649.1,1592.45,0.67,0.33,1629.49,1612.06,1604.6,1619.67,"Ryan Tannehill","Ben Roethlisberger",229.65,208.11,29.53,16.52,0.55,0.45,228.69,112.01,229.56,198.5,1589.2,1635.07,24,27
2020-10-25,2020,"r","ATL","DET",1486.39,1424.79,0.67,0.33,1476.47,1434.71,1462,1439.85,"Matt Ryan","Matthew Stafford",198.57,170.87,6.83,1.84,0.59,0.41,246.57,202.98,203.37,174.08,1453.59,1448.25,22,23
2020-10-25,2020,"r","CIN","CLE",1372.12,1492.74,0.42,0.58,1360.75,1504.11,1378.75,1539.98,"Joe Burrow","Baker Mayfield",120.23,118.49,-0.44,-8.82,0.34,0.66,399.6,379.21,148.17,144.56,1369.94,1548.8,34,37
2020-10-25,2020,"r","WSH","DAL",1333.7,1442.65,0.44,0.56,1369.72,1406.63,1355.02,1479.42,"Kyle Allen","Andy Dalton",94.69,111.98,-6.65,-112.32,0.53,0.47,136.4,-163.24,98.86,84.46,1384.4,1450.04,25,3
2020-10-25,2020,"r","NO","CAR",1585.86,1442.5,0.77,0.23,1591.73,1436.63,1585.46,1440.51,"Drew Brees","Teddy Bridgewater",243.08,171.6,5.24,15.2,0.76,0.24,366.63,297.87,255.44,184.23,1591.69,1434.27,27,24
2020-10-25,2020,"r","NYJ","BUF",1330.54,1531.76,0.31,0.69,1317.57,1544.73,1329.98,1538.68,"Sam Darnold","Josh Allen",121.01,208.34,12.36,21.97,0.26,0.74,-210.66,265.68,87.84,214.07,1319.54,1549.11,10,18
2020-10-25,2020,"r","HOU","GB",1465.21,1613.42,0.38,0.62,1444.77,1633.86,1444.7,1585.97,"Deshaun Watson","Aaron Rodgers",220.51,195.39,15.63,5.98,0.37,0.63,326.5,326.1,231.11,208.46,1425.15,1605.52,20,35
2020-10-25,2020,"r","OAK","TB",1498.41,1579.2,0.48,0.52,1467.53,1610.08,1514.42,1598.84,"Derek Carr","Tom Brady",230.74,182.55,26.01,13.52,0.4,0.6,216.8,485.98,229.35,212.89,1489.32,1623.95,20,45
2020-10-25,2020,"r","DEN","KC",1497,1702.26,0.31,0.69,1477.68,1721.59,1511.24,1686.7,"Drew Lock","Patrick Mahomes",90.6,274.05,-7.39,19.23,0.28,0.72,65.34,73.16,88.08,253.96,1494.09,1703.85,-16,43
2020-10-25,2020,"r","LAC","JAX",1430.09,1338.57,0.71,0.29,1443.02,1325.64,1438.39,1318.5,"Justin Herbert","Gardner Minshew",159.89,147.23,12.09,4.25,0.75,0.25,452.45,31.77,189.14,135.69,1449.25,1307.65,39,29
2020-10-25,2020,"r","NE","SF",1547.06,1548.93,0.59,0.41,1506.59,1589.4,1537.45,1565.17,"Cam Newton","Jimmy Garoppolo",166.55,130.31,6.6,-2.81,0.54,0.46,-88.32,159.57,141.07,133.23,15,1601.35,6,33
2020-10-25,2020,"r","ARI","SEA",1515.13,1624.05,0.44,0.56,1531.06,1608.13,1502.96,1615.7,"Kyler Murray","Russell Wilson",222.97,242.99,30.86,23.97,0.37,0.63,469.68,333.6,247.64,252.05,1521.24,1597.42,37,34
2020-10-26,2020,"r","LAR","CHI",1574.91,1556.63,0.62,0.38,1594.87,1536.68,1563.72,1564.85,"Jared Goff","Nick Foles",191.59,145.74,9.15,5.23,0.56,0.44,236.47,31.08,196.08,134.28,1587.03,1541.54,24,10
2020-10-29,2020,"r","CAR","ATL",1436.63,1476.47,0.54,0.46,1412.8,1500.3,1434.27,1453.59,"Teddy Bridgewater","Matt Ryan",184.23,203.37,20.76,8.89,0.54,0.46,20.87,189.21,167.89,201.95,1410.34,1477.52,17,25
2020-11-01,2020,"r","CIN","TEN",1360.75,1629.49,0.24,0.76,1402.57,1587.66,1369.94,1589.2,"Joe Burrow","Ryan Tannehill",148.17,229.56,13.55,28,0.24,0.76,267.74,162.22,160.13,222.82,1411.45,1547.68,31,20
2020-11-01,2020,"r","KC","NYJ",1721.59,1317.57,0.94,0.06,1725.01,1314.15,1703.85,1319.54,"Patrick Mahomes","Sam Darnold",253.96,87.84,8.23,-4.84,0.92,0.08,510.09,104.94,279.57,89.55,1708.01,1315.38,35,9
2020-11-01,2020,"r","GB","MIN",1633.86,1484.66,0.77,0.23,1600.47,1518.04,1605.52,1466.59,"Aaron Rodgers","Kirk Cousins",208.46,131.15,12.22,-11.82,0.73,0.27,311.88,147.78,218.8,132.81,1574.74,1497.37,22,28
2020-11-01,2020,"r","BUF","NE",1544.73,1506.59,0.64,0.36,1554.15,1497.17,1549.11,1501.27,"Josh Allen","Cam Newton",214.07,141.07,23.74,-6.47,0.66,0.34,123.17,198.15,204.98,146.78,1558.17,1492.22,24,21
2020-11-01,2020,"r","MIA","LAR",1492.91,1594.87,0.45,0.55,1520.86,1566.92,1490.62,1587.03,"Tua Tagovailoa","Jared Goff",111.09,196.08,-72.2,10.93,0.34,0.66,64.14,97.65,106.39,186.24,1524.97,1552.67,28,17
2020-11-01,2020,"r","DET","IND",1434.71,1528.78,0.46,0.54,1407.17,1556.32,1448.25,1547.47,"Matthew Stafford","Mike Glennon",174.08,164.57,3.35,8.87,0.37,0.63,170.39,222.98,173.71,170.41,1426.92,1568.8,21,41
2020-11-01,2020,"r","BAL","PIT",1666.15,1612.06,0.66,0.34,1643.52,1634.69,1658.1,1635.07,"Lamar Jackson","Ben Roethlisberger",235.42,198.5,1.32,10.89,0.6,0.4,85.55,184.41,220.43,197.09,1638.05,1655.12,24,28
2020-11-01,2020,"r","CLE","OAK",1504.11,1467.53,0.64,0.36,1471.83,1499.81,1548.8,1489.32,"Baker Mayfield","Derek Carr",144.56,229.35,4.66,24.01,0.61,0.39,31,102.39,133.21,216.65,1518.25,1519.87,6,16
2020-11-01,2020,"r","DEN","LAC",1477.68,1443.02,0.64,0.36,1482.46,1438.24,1494.09,1449.25,"Drew Lock","Justin H",88.08,189.14,-8.28,26.11,0.57,0.43,166.11,219.62,95.88,192.19,1499.97,1443.37,31,30
2020-11-01,2020,"r","SEA","SF",1608.13,1589.4,0.62,0.38,1625.77,1571.76,1597.42,1601.35,"Russell Wilson","Jimmy Garoppolo",252.05,133.23,27.3,-1.21,0.59,0.41,358.26,-55.77,262.67,114.33,1616.75,1582.02,37,27
2020-11-01,2020,"r","CHI","NO",1536.68,1591.73,0.51,0.49,1522.35,1606.05,1541.54,1591.69,"Nick Foles","Drew Brees",134.28,255.44,-0.77,11.16,0.46,0.54,104.74,336.81,131.32,263.57,1528.85,1604.38,23,26
2020-11-01,2020,"r","PHI","DAL",1473.28,1406.63,0.68,0.32,1489.58,1390.32,1491.08,1450.04,"Carson Wentz","Ben DiNucci",148.73,8.61,-6.62,-196.31,0.82,0.18,-57.89,-13.86,128.07,6.37,1499.54,1441.58,23,9
2020-11-02,2020,"r","NYG","TB",1338.54,1610.08,0.23,0.77,1333.86,1614.77,1361.95,1623.95,"Daniel Jones","Tom Brady",134.89,212.89,-6.09,28.01,0.13,0.87,123.09,232.63,133.71,214.86,1359.4,1626.5,23,25
2020-11-05,2020,"r","SF","GB",1571.76,1600.47,0.55,0.45,1539.32,1632.92,1582.02,1574.74,"Nick Mullens","Aaron Rodgers",83.43,218.8,-41.5,16.78,0.48,0.52,166.42,409.28,91.73,237.85,1554.14,1602.62,17,34
2020-11-08,2020,"r","JAX","HOU",1310.27,1668.62,0.25,0.42,1575.11,1661.73,1296.59,1586.72,"Mike Glennon","Deshaun Watson",209.81,165.1,54.83,-95.53,0.34,0.45,-135.69,364.73,186.59,193.11,1414.06,1471.93,27,7
2020-11-08,2020,"r","WSH","NYG",1369.72,1333.86,0.64,0.36,1351.09,1352.49,1384.4,1359.4,"Kyle Allen","Daniel Jones",98.86,133.71,-4.23,-6.37,0.62,0.38,28.24,56.42,91.8,125.98,1366.48,1377.32,20,23
2020-11-08,2020,"r","MIN","DET",1518.04,1407.17,0.73,0.27,1531.41,1393.81,1497.37,1426.92,"Kirk Cousins","Matthew Stafford",132.81,173.71,-10.4,3,0.63,0.37,201.9,89.67,139.72,165.31,1516.62,1407.67,34,20
2020-11-08,2020,"r","KC","CAR",1725.01,1412.8,0.9,0.1,1726.93,1410.88,1708.01,1410.34,"Patrick Mahomes","Teddy Bridgewater",279.57,167.89,20.62,11.55,0.88,0.12,379.36,410.19,289.55,192.12,1710.33,1408.02,33,31
2020-11-08,2020,"r","IND","BAL",1556.32,1643.52,0.47,0.53,1531.22,1668.62,1568.8,1638.05,"Philip Rivers","Lamar Jackson",170.41,220.43,11.35,-6.24,0.48,0.52,118.4,254.9,165.21,223.88,1543.21,1663.64,10,24
2020-11-08,2020,"r","ATL","DEN",1500.3,1482.46,0.62,0.38,1515.65,1467.11,1477.52,1496.46,"Matt Ryan","Drew Lock",201.95,95.88,7.74,-3.97,0.54,0.46,254.48,231.32,207.21,109.42,1496.46,1481.03,34,27
2020-11-08,2020,"r","TEN","CHI",1587.66,1522.35,0.68,0.32,1600.26,1509.76,1547.68,1528.85,"Ryan Tannehill","Nick Foles",222.82,131.32,23.23,-2.21,0.61,0.39,81.35,242.11,208.68,142.4,1563.28,1513.26,24,17
2020-11-08,2020,"r","BUF","SEA",1554.15,1625.77,0.49,0.51,1578.66,1601.26,1558.17,1616.75,"Josh Allen","Russell Wilson",204.98,262.67,18.01,31.25,0.46,0.54,319.22,211.97,216.41,257.6,1584.6,1590.32,44,34
2020-11-08,2020,"r","LAC","OAK",1438.24,1499.81,0.5,0.5,1420.12,1517.94,1443.37,1519.87,"Justin Herbert","Derek Carr",192.19,216.65,26.33,16.46,0.45,0.55,259.42,148.2,198.91,209.81,1427.37,1535.87,26,31
2020-11-08,2020,"r","DAL","PIT",1390.32,1634.69,0.26,0.74,1381.62,1643.39,1441.58,1655.12,"Garrett Gilbert","Ben Roethlisberger",16.32,197.09,-177.66,9.64,0.11,0.89,180.57,364.73,32.75,213.85,1438.2,1658.5,19,24
2020-11-08,2020,"r","ARI","MIA",1531.06,1520.86,0.61,0.39,1513.64,1538.28,1521.24,1524.97,"Kyler Murray","Tua Tagovailoa",247.64,106.39,41.65,-70.94,0.73,0.27,552.76,208.65,278.15,116.62,1499.18,1547.03,31,34
2020-11-08,2020,"r","TB","NO",1614.77,1606.05,0.6,0.4,1569.94,1650.88,1626.5,1604.38,"Tom Brady","Drew Brees",214.86,263.57,27.6,14.67,0.6,0.4,-100.51,360.44,183.33,273.26,1582.13,1648.75,3,38
2020-11-09,2020,"r","NYJ","NE",1314.15,1497.17,0.34,0.66,1305.29,1506.02,1315.38,1492.22,"Joe Flacco","Cam Newton",83.12,146.78,-10.18,-3.3,0.3,0.7,280.99,314.61,102.9,163.56,1307.68,1499.91,27,30
2020-11-12,2020,"r","TEN","IND",1600.26,1531.22,0.68,0.32,1558.16,1573.32,1563.28,1543.21,"Ryan Tannehill","Philip Rivers",208.68,165.21,15,8.18,0.59,0.41,111.11,248.45,198.92,173.53,1528.39,1578.09,17,34
2020-11-15,2020,"r","NYG","PHI",1352.49,1489.58,0.4,0.6,1382.35,1459.72,1377.32,1499.54,"Daniel Jones","Carson Wentz",125.98,128.07,-9.92,-16.62,0.35,0.65,271.59,30.1,140.54,118.27,1410.07,1466.8,27,17
2020-11-15,2020,"r","CLE","HOU",1471.83,1453.84,0.62,0.38,1482.05,1443.61,1518.25,1429.73,"Baker Mayfield","Deshaun Watson",133.21,230.68,-1.25,18.92,0.68,0.32,-1.36,139.15,119.75,221.53,1526.63,1421.36,10,7
2020-11-15,2020,"r","GB","JAX",1632.92,1316.57,0.9,0.1,1635.67,1313.83,1602.62,1303.06,"Aaron Rodgers","Jake Luton",237.85,45.14,25.46,-95.53,0.93,0.07,265.63,-12.54,240.63,39.38,1604.4,1301.28,24,20
2020-11-15,2020,"r","DET","WSH",1393.81,1351.09,0.65,0.35,1403.05,1341.84,1407.67,1366.48,"Matthew Stafford","Alex Smith",165.31,143.3,-1.35,43.94,0.54,0.46,315.25,225.43,180.3,151.51,1420.15,1354,30,27
2020-11-15,2020,"r","CAR","TB",1410.88,1569.94,0.37,0.63,1388.46,1592.36,1408.02,1582.13,"Teddy Bridgewater","Tom Brady",192.12,183.33,23.09,10.45,0.25,0.75,164.52,386.1,189.36,203.6,1393.51,1596.65,23,46
2020-11-15,2020,"r","MIA","LAC",1538.28,1420.12,0.74,0.26,1548.76,1409.64,1547.03,1427.37,"Tua Tagovailoa","Justin Herbert",116.62,198.91,-62.28,28.38,0.6,0.4,143.39,138.99,119.3,192.92,1564,1410.4,29,21
2020-11-15,2020,"r","OAK","DEN",1517.94,1467.11,0.66,0.34,1538.94,1446.11,1535.87,1481.03,"Derek Carr","Drew Lock",209.81,109.42,12.22,3,0.64,0.36,110.38,-134.73,199.86,85.01,1558.35,1458.54,37,12
2020-11-15,2020,"r","ARI","BUF",1513.64,1578.66,0.5,0.5,1524.63,1567.68,1499.18,1584.6,"Kyler Murray","Josh Allen",278.15,216.41,54.83,22.82,0.48,0.52,298.36,216,280.17,216.37,1510.64,1573.14,32,30
2020-11-15,2020,"r","NO","SF",1650.88,1539.32,0.73,0.27,1664.2,1525.99,1648.75,1554.14,"Drew Brees","Nick Mullens",273.26,91.73,18.78,-35.27,0.75,0.25,14.57,74.43,247.39,90,1661.3,1541.59,27,13
2020-11-15,2020,"r","LAR","SEA",1566.92,1601.26,0.54,0.46,1585.62,1582.56,1552.67,1590.32,"Jared Goff","Russell Wilson",186.24,257.6,5.47,27.15,0.5,0.5,123.71,18.99,179.99,233.74,1573.29,1569.7,23,16
2020-11-15,2020,"r","PIT","CIN",1643.39,1402.57,0.85,0.15,1651.88,1394.08,1658.5,1411.45,"Ben Roethlisberger","Joe Burrow",213.85,160.13,17.54,18.85,0.81,0.19,333.26,94.29,225.8,153.54,1669.58,1400.38,36,10
2020-11-15,2020,"r","NE","BAL",1506.02,1668.62,0.36,0.64,1531.96,1642.68,1499.91,1663.64,"Cam Newton","Lamar Jackson",163.56,223.88,5.26,-4.2,0.33,0.67,197.26,279.45,166.93,229.43,1527.33,1636.22,23,17
2020-11-16,2020,"r","CHI","MIN",1509.76,1531.41,0.56,0.44,1487.44,1553.72,1513.26,1516.62,"Nick Foles","Kirk Cousins",142.4,139.72,3.44,-6.42,0.56,0.44,-47.17,253.47,123.45,151.1,1491.1,1538.77,13,19
2020-11-19,2020,"r","SEA","ARI",1582.56,1524.63,0.67,0.33,1595.56,1511.63,1569.7,1510.64,"Russell Wilson","Kyler Murray",233.74,280.17,13.86,53.1,0.58,0.42,209.13,188.11,231.28,270.97,1586.65,1493.68,28,21
2020-11-22,2020,"r","JAX","PIT",1313.83,1651.88,0.17,0.83,1303.98,1661.73,1301.28,1669.58,"Jake Luton","Ben Roethlisberger",39.38,225.8,-93.64,22.64,0.07,0.93,-153.34,209.42,20.1,224.16,1297.53,1673.33,3,27
2020-11-22,2020,"r","WSH","CIN",1341.84,1394.08,0.52,0.48,1365.64,1370.28,1354,1400.38,"Alex Smith","Joe Burrow",151.51,153.54,45.85,14.61,0.53,0.47,20.23,116.64,138.38,149.85,1377.25,1377.13,20,9
2020-11-22,2020,"r","HOU","NE",1443.61,1531.96,0.47,0.53,1466.04,1509.53,1421.36,1527.33,"Deshaun Watson","Cam Newton",221.53,166.93,13.4,6.68,0.41,0.59,495.45,206.9,248.92,170.93,1446.38,1502.3,27,20
2020-11-22,2020,"r","CLE","PHI",1482.05,1459.72,0.62,0.38,1495.04,1446.73,1526.63,1466.8,"Baker Mayfield","Carson Wentz",119.75,118.27,-7.92,-20.69,0.65,0.35,22.68,-4.8,110.04,105.96,1538.61,1454.82,22,17
2020-11-22,2020,"r","CAR","DET",1388.46,1403.05,0.57,0.43,1413.93,1377.58,1393.51,1420.15,"P.J. Walker","Matthew Stafford",0,180.3,-168.81,6.21,0.28,0.72,64.31,-82.7,6.43,154,1441.14,1372.52,20,0
2020-11-22,2020,"r","BAL","TEN",1642.68,1558.16,0.7,0.3,1613.34,1587.51,1636.22,1528.39,"Lamar Jackson","Ryan Tannehill",229.43,198.92,-1.21,9.37,0.68,0.32,96.74,261.61,216.16,205.19,1607.97,1556.64,24,30
2020-11-22,2020,"r","NO","ATL",1664.2,1515.65,0.77,0.23,1675.64,1504.21,1661.3,1496.46,"Taysom Hill","Matt Ryan",0,207.21,-242.49,9.98,0.39,0.61,235.89,-183.1,23.59,168.18,1696.38,1461.38,24,9
2020-11-22,2020,"r","DEN","MIA",1446.11,1548.76,0.45,0.55,1469.55,1525.32,1458.54,1564,"Drew Lock","Tua Tagovailoa",85.01,119.3,-9.35,-57.83,0.48,0.52,143.55,-6.05,90.86,106.76,1480.53,1542.01,20,13
2020-11-22,2020,"r","LAC","NYJ",1409.64,1305.29,0.73,0.27,1419.54,1295.4,1410.4,1307.68,"Justin Herbert","Joe Flacco",192.92,102.9,23.96,0.22,0.7,0.3,334.81,82.73,207.11,100.89,1421.48,1296.59,34,28
2020-11-22,2020,"r","MIN","DAL",1553.72,1381.62,0.8,0.2,1528.97,1406.37,1538.77,1438.2,"Kirk Cousins","Andy Dalton",276.65,164.57,43.09,-108.85,0.78,0.22,300.59,205.95,166.04,96.61,1514.72,1462.26,41,48
2020-11-22,2020,"r","IND","GB",1573.32,1635.67,0.5,0.5,1587.06,1621.92,1578.09,1604.4,"Philip Rivers","Aaron Rodgers",173.53,240.63,11.93,25.58,0.49,0.51,262.28,320.68,182.41,248.63,1592.21,1590.28,34,31
2020-11-22,2020,"r","OAK","KC",1538.94,1726.93,0.33,0.67,1528.87,1736.99,1558.35,1710.33,"Derek Carr","Patrick Mahomes",199.86,289.55,6.64,24.58,0.29,0.71,308.14,329.02,210.69,293.5,1549.7,1718.98,31,35
2020-11-23,2020,"r","TB","LAR",1592.36,1585.62,0.6,0.4,1575.11,1602.87,1596.65,1573.29,"Tom Brady","Jared Goff",203.6,179.99,20.07,2.07,0.62,0.38,90.6,376.04,192.3,199.59,1578.86,1591.07,24,27
2020-11-26,2020,"r","DET","HOU",1377.58,1466.04,0.47,0.53,1351.43,1492.18,1372.52,1446.38,"Matthew Stafford","Deshaun Watson",154,248.92,-7.25,26.43,0.4,0.6,70.14,307.57,145.62,254.79,1350.53,1468.37,25,41
2020-11-26,2020,"r","DAL","WSH",1406.37,1365.64,0.65,0.35,1362.04,1409.97,1462.26,1377.25,"Andy Dalton","Alex Smith",96.61,138.38,-97.34,37,0.48,0.52,89.32,16.25,95.88,126.17,1430.92,1408.59,16,41
2020-11-29,2020,"r","ATL","OAK",1504.21,1528.87,0.56,0.44,1535.81,1497.28,1461.38,1549.7,"Matt Ryan","Derek Carr",168.18,210.69,-10.04,11.72,0.4,0.6,72.63,-53.46,158.62,184.27,1506.43,1504.65,43,6
2020-11-29,2020,"r","NYJ","MIA",1295.4,1525.32,0.28,0.72,1280.39,1540.32,1296.59,1542.01,"Sam Darnold","Ryan Fitzpatrick",89.55,200.68,-12.13,32.71,0.19,0.81,-60.01,98.59,74.6,190.47,1286.79,1551.82,3,20
2020-11-29,2020,"r","NE","ARI",1509.53,1511.63,0.59,0.41,1520.59,1500.56,1502.3,1493.68,"Cam Newton","Kyler Murray",170.93,270.97,8.35,45.84,0.52,0.48,-122.45,91.81,141.59,253.05,1515.56,1480.43,20,17
2020-11-29,2020,"r","MIN","CAR",1528.97,1413.93,0.74,0.26,1532.33,1410.58,1514.72,1441.14,"Kirk Cousins","Teddy Bridgewater",166.04,189.36,7.08,25.78,0.63,0.37,341.49,149.42,183.59,185.37,1519.66,1436.2,28,27
2020-11-29,2020,"r","IND","TEN",1587.06,1587.51,0.59,0.41,1550.53,1624.04,1592.21,1556.64,"Philip Rivers","Ryan Tannehill",182.41,205.19,15.77,12.04,0.6,0.4,119.91,206.6,176.16,205.33,1554.78,1594.08,26,45
2020-11-29,2020,"r","BUF","LAC",1567.68,1419.54,0.77,0.23,1577.59,1409.62,1573.14,1421.48,"Josh Allen","Justin Herbert",216.37,207.11,21.66,29.86,0.77,0.23,127.73,101.91,207.5,196.59,1583.2,1411.43,27,17
2020-11-29,2020,"r","JAX","CLE",1303.98,1495.04,0.33,0.67,1297.2,1501.82,1297.53,1538.61,"Mike Glennon","Baker Mayfield",112.95,110.04,-5.75,-12.38,0.24,0.76,211.89,146.77,122.84,113.71,1292.65,1543.49,25,27
2020-11-29,2020,"r","CIN","NYG",1370.28,1382.35,0.58,0.42,1357.32,1395.31,1377.13,1410.07,"Brandon Allen","Daniel Jones",21.03,140.54,-116.78,-2.14,0.31,0.69,14.04,126.1,20.33,139.1,1370.67,1416.52,17,19
2020-11-29,2020,"r","LAR","SF",1602.87,1525.99,0.69,0.31,1582.31,1546.55,1591.07,1541.59,"Jared Goff","Nick Mullens",199.59,90,11.77,-34.37,0.65,0.35,-15.24,133.89,178.11,94.39,1572.25,1560.42,20,23
2020-11-29,2020,"r","DEN","NO",1469.55,1675.64,0.31,0.69,1450.09,1695.1,1480.53,1696.38,"Kendall Hinton","Taysom Hill",0,23.59,-96.82,-218.57,0.42,0.58,-135.69,75.39,-13.57,28.77,1453.02,1723.89,3,31
2020-11-29,2020,"r","TB","KC",1575.11,1736.99,0.36,0.64,1565.44,1746.66,1578.86,1718.98,"Tom Brady","Patrick Mahomes",192.3,293.5,13.41,25.32,0.34,0.66,243.53,496.79,197.43,313.83,1569.89,1727.95,24,27
2020-11-29,2020,"r","GB","CHI",1621.92,1487.44,0.76,0.24,1634.44,1474.93,1590.28,1491.1,"Aaron Rodgers","Mitchell Trubisky",248.63,137.01,28.3,7.36,0.68,0.32,366.82,95.69,260.45,132.88,1607.55,1473.83,41,25
2020-11-30,2020,"r","PHI","SEA",1446.73,1595.56,0.38,0.62,1432.42,1609.87,1454.82,1586.65,"Carson Wentz","Russell Wilson",105.96,231.28,-25.81,11.94,0.32,0.68,8.06,172.98,96.17,225.45,1442.86,1598.61,17,23
2020-12-02,2020,"r","PIT","BAL",1661.73,1613.34,0.66,0.34,1673.4,1601.67,1673.33,1607.97,"Ben Roethlisberger","Robert Griffin III",224.16,109.91,20.69,-114.04,0.79,0.21,241.9,104.76,225.93,109.4,1680.02,1601.29,19,14
2020-12-06,2020,"r","MIA","CIN",1540.32,1357.32,0.81,0.19,1549.24,1348.41,1551.82,1370.67,"Tua Tagovailoa","Brandon Allen",106.76,20.33,-57.73,-111.29,0.83,0.17,233.94,-35.59,119.48,14.74,1559.73,1362.76,19,7
2020-12-06,2020,"r","MIN","JAX",1532.33,1297.2,0.85,0.15,1536.01,1293.52,1519.66,1292.65,"Kirk Cousins","Mike Glennon",183.59,122.84,15.5,-0.51,0.83,0.17,149.96,115.84,180.23,122.14,1523.73,1288.57,27,24
2020-12-06,2020,"r","CHI","DET",1474.93,1351.43,0.75,0.25,1448.62,1377.75,1473.83,1350.53,"Mitchell Trubisky","Matthew Stafford",132.88,145.62,4.93,-11.08,0.73,0.27,181.61,300.92,137.75,161.15,1448.31,1376.05,30,34
2020-12-06,2020,"r","HOU","IND",1492.18,1550.53,0.51,0.49,1472.29,1570.42,1468.37,1554.78,"Deshaun Watson","Philip Rivers",254.79,176.16,28.04,11.86,0.45,0.55,187.66,203.21,248.07,178.87,1451.06,1572.09,20,26
2020-12-06,2020,"r","NYJ","OAK",1280.39,1497.28,0.29,0.71,1272.76,-1504,1286.79,1504.65,"Sam Darnold","Derek Carr",74.6,184.27,-19,-2.08,0.25,0.75,130.01,263.9,80.14,192.24,1280.47,1510.97,28,31
2020-12-06,2020,"r","ATL","NO",1535.81,1695.1,0.37,0.63,1523.18,1707.73,1506.43,1723.89,"Matt Ryan","Taysom Hill",158.62,28.77,-14.31,-205.05,0.51,0.49,123.51,295.02,155.11,55.39,1488.03,1742.29,16,21
2020-12-06,2020,"r","TEN","CLE",1624.04,1501.82,0.75,0.25,1592.3,1533.56,1594.08,1543.49,"Ryan Tannehill","Baker Mayfield",205.33,113.71,11.51,-9.92,0.65,0.35,255.05,394.39,210.3,141.78,1567.53,1570.04,35,41
2020-12-06,2020,"r","SEA","NYG",1609.87,1395.31,0.83,0.17,1575.66,1429.52,1598.61,1416.52,"Russell Wilson","Colt McCoy",225.45,121.95,8.43,-19.9,0.81,0.19,110.65,-36.6,213.97,106.09,1565.77,1449.36,12,17
2020-12-06,2020,"r","ARI","LAR",1500.56,1582.31,0.48,0.52,1477.91,1604.97,1480.43,1572.25,"Kyler Murray","Jared Goff",253.05,178.11,34.59,0.44,0.47,0.53,140.03,363.78,241.75,196.68,1458.29,1594.39,28,38
2020-12-06,2020,"r","LAC","NE",1409.62,1520.59,0.43,0.57,1377.05,1553.16,1411.43,1515.56,"Justin Herbert","Cam Newton",196.59,141.59,23.1,-6.74,0.46,0.54,-96.63,199.52,167.27,147.38,1377.03,1549.96,0,45
2020-12-06,2020,"r","GB","PHI",1634.44,1432.42,0.82,0.18,1642.98,1423.88,1607.55,1442.86,"Aaron Rodgers","Carson Wentz",260.45,96.17,32.8,-29.41,0.82,0.18,282.11,-59.28,262.62,80.63,1616.28,1434.13,30,16
2020-12-06,2020,"r","KC","DEN",1746.66,1450.09,0.89,0.11,1750.37,1446.38,1727.95,1453.02,"Patrick Mahomes","Drew Lock",313.83,90.86,34.22,5.67,0.88,0.12,276.85,64.34,310.13,88.21,1732.15,1448.82,22,16
2020-12-07,2020,"r","PIT","WSH",1673.4,1409.97,0.87,0.13,1633.65,1449.72,1680.02,1408.59,"Ben Roethlisberger","Alex Smith",225.93,126.17,20.54,29.04,0.85,0.15,235.63,275.38,226.9,141.09,1641.94,1446.67,17,23
2020-12-07,2020,"r","SF","BUF",1546.55,1577.59,0.55,0.45,1519.82,1604.32,1560.42,1583.2,"Nick Mullens","Josh Allen",94.39,207.5,-30.46,16.14,0.46,0.54,260.46,468.61,111,233.61,1538.58,1605.03,24,34
2020-12-08,2020,"r","BAL","DAL",1601.67,1362.04,0.85,0.15,1609.16,1354.55,1601.29,1430.92,"Lamar Jackson","Andy Dalton",216.16,95.88,-1.83,-92.83,0.85,0.15,292.27,227.79,223.77,109.07,1609,1423.21,34,17
2020-12-10,2020,"r","LAR","NE",1604.97,1553.16,0.66,0.34,1624.81,1533.32,1594.39,1549.96,"Jared Goff","Cam Newton",196.68,147.38,9.7,-3.51,0.64,0.36,146.1,-44.21,191.62,128.22,1615.58,1528.76,24,3
2020-12-13,2020,"r","CIN","DAL",1348.41,1354.55,0.58,0.42,1310.27,1392.68,1362.76,1423.21,"Brandon Allen","Andy Dalton",14.74,109.07,-108.52,-81.6,0.43,0.57,177.63,134.76,31.03,111.64,1336.23,1449.74,7,30
2020-12-13,2020,"r","CAR","DEN",1410.58,1446.38,0.54,0.46,1390.9,1466.06,1436.2,1448.82,"Teddy Bridgewater","Drew Lock",185.37,88.21,22.49,4.06,0.6,0.4,258.36,313.16,192.67,110.71,1414.06,1470.96,27,32
2020-12-13,2020,"r","JAX","TEN",1293.52,1592.3,0.21,0.79,1281.98,1603.85,1288.57,1567.53,"Mike Glennon","Ryan Tannehill",122.14,210.3,-0.84,13.42,0.18,0.82,-46.78,192.59,105.25,208.53,1278.37,1577.73,10,31
2020-12-13,2020,"r","TB","MIN",1565.44,1536.01,0.63,0.37,1583.51,1517.94,1569.89,1523.73,"Tom Brady","Kirk Cousins",197.43,180.23,15.3,13.04,0.66,0.34,203.08,93.74,197.99,171.58,1586.72,1506.91,26,14
2020-12-13,2020,"r","MIA","KC",1549.24,1750.37,0.31,0.69,1537.75,1761.86,1559.73,1732.15,"Tua Tagovailoa","Patrick Mahomes",119.48,310.13,-48.49,30.66,0.23,0.77,200.02,153.92,127.53,294.51,1551.7,1740.17,27,33
2020-12-13,2020,"r","CHI","HOU",1448.62,1472.29,0.56,0.44,1478.05,1442.86,1448.31,1451.06,"Mitchell Trubisky","Deshaun Watson",137.75,248.07,7.12,23.28,0.53,0.47,246.48,83.88,148.63,231.65,1480.31,1419.06,36,7
2020-12-13,2020,"r","NYG","ARI",1429.52,1477.91,0.52,0.48,1397.89,1509.54,1449.36,1458.29,"Daniel Jones","Kyler Murray",139.1,241.75,6.17,27.21,0.52,0.48,-158.68,256.23,109.32,243.2,1418.24,1489.41,7,26
2020-12-13,2020,"r","OAK","IND",1504.92,1570.42,0.5,0.5,1476.06,1599.27,1510.97,1572.09,"Derek Carr","Philip Rivers",192.24,178.87,2.01,12.62,0.45,0.55,302.98,227.1,203.31,183.69,1485.13,1597.93,27,44
2020-12-13,2020,"r","SEA","NYJ",1575.66,1272.76,0.89,0.11,1582.35,1266.06,1565.77,1280.47,"Russell Wilson","Sam Darnold",213.97,80.14,2.27,-15.28,0.88,0.12,205.8,-37.44,213.15,68.38,1573.34,1272.9,40,3
2020-12-13,2020,"r","DET","GB",1377.75,1642.98,0.24,0.76,1368.6,1652.13,1376.05,1616.28,"Matthew Stafford","Aaron Rodgers",161.15,262.62,-2.76,32.24,0.2,0.8,189.5,385.67,163.98,274.92,1368.56,1623.77,24,31
2020-12-13,2020,"r","PHI","NO",1423.88,1707.73,0.22,0.78,1447.86,1683.74,1434.13,1742.29,"Jalen Hurts","Taysom Hill",89.32,55.39,-27.02,-181.49,0.34,0.66,319.92,185.47,112.38,68.4,1453.49,1722.93,24,21
2020-12-13,2020,"r","LAC","ATL",1377.05,1523.18,0.39,0.61,1394.75,1505.48,1377.03,1488.03,"Justin Herbert","Matt Ryan",167.27,155.11,7.29,-15.35,0.43,0.57,220.83,2.4,172.62,139.84,1393.13,1471.93,20,17
2020-12-13,2020,"r","SF","WSH",1519.82,1449.72,0.69,0.31,1487.74,1481.8,1538.58,1446.67,"Nick Mullens","Alex Smith",111,141.09,-20.63,35.05,0.61,0.39,20.54,-93.08,101.95,117.67,1510.69,1474.56,15,23
2020-12-13,2020,"r","BUF","PIT",1604.32,1633.65,0.55,0.45,1626.27,1611.7,1605.03,1641.94,"Josh Allen","Ben Roethlisberger",233.61,226.9,28.39,20,0.51,0.49,244.75,59.96,234.73,210.21,1629.45,1617.52,26,15
2020-12-14,2020,"r","CLE","BAL",1533.56,1609.16,0.48,0.52,1516.27,1626.45,1570.04,1609,"Baker Mayfield","Lamar Jackson",141.78,223.77,4.61,2.07,0.5,0.5,332.85,374.27,160.89,238.82,1552.25,1626.78,42,47
2020-12-17,2020,"r","OAK","LAC",1476.06,1394.75,0.7,0.3,1455.3,1415.51,1485.13,1393.13,"Derek Carr","Justin Herbert",203.31,172.62,7.45,9.6,0.67,0.33,26.34,316.69,185.61,187.03,1465.41,1412.84,27,30
2020-12-19,2020,"r","DEN","BUF",1466.06,1626.27,0.37,0.63,1442.18,1650.15,1470.96,1629.45,"Drew Lock","Josh Allen",110.71,234.73,15.1,27.53,0.32,0.68,110.72,489.27,110.71,260.18,1450.55,1649.87,19,48
2020-12-19,2020,"r","GB","CAR",1652.13,1390.9,0.87,0.13,1657.21,1385.82,1623.77,1414.06,"Aaron Rodgers","Teddy Bridgewater",274.92,192.67,36.78,25.02,0.81,0.19,70.43,197.15,254.47,193.11,1631.06,1406.78,24,16
2020-12-20,2020,"r","DAL","SF",1392.68,1487.74,0.46,0.54,1416.88,1463.54,1449.74,1510.69,"Andy Dalton","Nick Mullens",111.64,101.95,-76.23,-24.13,0.39,0.61,155.74,49.92,116.05,96.75,1477.26,1483.17,41,33
2020-12-20,2020,"r","TEN","DET",1603.85,1368.6,0.85,0.15,1612.05,1360.4,1577.73,1368.56,"Ryan Tannehill","Matthew Stafford",208.53,163.98,11.86,-1.2,0.81,0.19,398.36,218.54,227.51,169.44,1588,1358.3,46,25
2020-12-20,2020,"r","MIN","CHI",1517.94,1478.05,0.65,0.35,1491.52,1504.47,1506.91,1480.31,"Kirk Cousins","Mitchell Trubisky",171.58,148.63,8.07,12.2,0.58,0.42,207.37,162.2,175.16,149.98,1483.69,1503.53,27,33
2020-12-20,2020,"r","MIA","NE",1537.75,1533.32,0.6,0.4,1556.41,1514.66,1551.7,1528.76,"Tua Tagovailoa","Cam Newton",127.53,128.22,-42.04,-12.91,0.55,0.45,181.99,105.93,132.98,125.99,1573.19,1507.28,22,12
2020-12-20,2020,"r","WSH","SEA",1481.8,1582.35,0.45,0.55,1,1598.18,1474.56,1573.34,"Dwayne Haskins","Russell Wilson",90.42,213.15,-5.67,1.74,0.41,0.59,122.47,170.29,93.62,208.87,1460.31,1587.59,15,20
2020-12-20,2020,"r","IND","HOU",1599.27,1442.86,0.78,0.22,1607.53,1434.6,1597.93,1419.06,"Philip Rivers","Deshaun Watson",183.69,231.65,14.4,13.91,0.78,0.22,212.67,310.24,186.59,239.51,1606.41,1410.58,27,20
2020-12-20,2020,"r","BAL","JAX",1626.45,1281.98,0.91,0.09,1631.26,1277.17,1626.78,1278.37,"Lamar Jackson","Gardner Minshew",238.82,135.69,9.49,21.2,0.9,0.1,277.63,155.8,242.7,137.7,1632.7,1272.45,40,14
2020-12-20,2020,"r","ATL","TB",1505.48,1583.51,0.48,0.52,1490.08,1598.91,1471.93,1586.72,"Matt Ryan","Tom Brady",139.84,197.99,-22.22,14.82,0.26,0.74,337.18,228.9,159.57,201.08,1464.26,1594.4,27,31
2020-12-20,2020,"r","ARI","PHI",1509.54,1447.86,0.67,0.33,1522.33,1435.06,1489.41,1453.49,"Kyler Murray","Jalen Hurts",243.2,112.38,26.57,-14.14,0.66,0.34,438.85,263.7,262.76,127.51,1502.69,1440.21,33,26
2020-12-20,2020,"r","LAR","NYJ",1624.81,1266.06,0.92,0.08,1593.22,1297.65,1615.58,1272.9,"Jared Goff","Sam Darnold",191.62,68.38,6.68,-20.4,0.91,0.09,59.18,221.63,178.37,83.71,1584.36,1304.12,20,23
2020-12-20,2020,"r","NO","KC",1683.74,1761.86,0.48,0.52,1670.48,1775.12,1722.93,1740.17,"Drew Brees","Patrick Mahomes",247.39,294.51,13.08,21.32,0.51,0.49,124.97,227.99,235.15,287.86,1708.59,1754.51,29,32
2020-12-20,2020,"r","NYG","CLE",1397.89,1516.27,0.42,0.58,1375.48,1538.68,1418.24,1552.25,"Colt McCoy","Baker Mayfield",106.09,160.89,-12.26,13.93,0.33,0.67,94.16,343.37,104.9,179.14,1401.5,1568.99,6,20
2020-12-21,2020,"r","CIN","PIT",1310.27,1611.7,0.2,0.8,1353.04,1568.93,1336.23,1617.52,"Ryan Finley","Ben Roethlisberger",47.55,210.21,-78.44,10.65,0.13,0.87,210.7,4.9,63.86,189.68,1385.71,1568.04,27,17
2020-12-25,2020,"r","NO","MIN",1670.48,1491.52,0.8,0.2,1681.11,1480.89,1708.59,1483.69,"Drew Brees","Kirk Cousins",235.15,175.16,6.31,9.45,0.82,0.18,133.93,309.61,225.03,188.6,1718.44,1473.84,52,33
2020-12-26,2020,"r","DET","TB",1360.4,1598.91,0.27,0.73,1341.87,1617.44,1358.3,1594.4,"Matthew Stafford","Tom Brady",169.44,201.08,1.58,15.62,0.17,0.83,-13.01,349.7,151.19,215.94,1347.29,1605.4,7,47
2020-12-26,2020,"r","ARI","SF",1522.33,1463.54,0.67,0.33,1491.09,1494.78,1502.69,1483.17,"Kyler Murray","C.J. Beathard",262.76,97.89,35.03,-24.38,0.66,0.34,167.39,147.52,253.22,102.85,1472.14,1513.72,12,20
2020-12-26,2020,"r","OAK","MIA",1455.3,1556.41,0.45,0.55,1449.19,1562.52,1465.41,1573.19,"Derek Carr","Tua Tagovailoa",185.61,132.98,-1.78,-37.21,0.46,0.54,226.33,56.62,189.69,125.34,1459.18,1579.43,25,26
2020-12-27,2020,"r","KC","ATL",1775.12,1490.08,0.88,0.12,1777.93,1487.27,1754.51,1464.26,"Patrick Mahomes","Matt Ryan",287.86,159.57,16.93,-11.24,0.88,0.12,147.79,233.86,273.85,167,1757.26,1461.5,17,14
2020-12-27,2020,"r","PIT","IND",1568.93,1607.53,0.54,0.46,1583.63,1592.83,1568.04,1606.41,"Ben Roethlisberger","Philip Rivers",189.68,186.59,-0.15,15.13,0.47,0.53,342.21,115.98,204.93,179.53,1585.18,1589.27,28,24
2020-12-27,2020,"r","HOU","CIN",1434.6,1353.04,0.7,0.3,1405.45,1382.19,1410.58,1385.71,"Deshaun Watson","Brandon Allen",239.51,31.03,17.14,-99.19,0.74,0.26,362.01,349.52,251.76,62.88,1379.43,1416.86,31,37
2020-12-27,2020,"r","JAX","CHI",1277.17,1504.47,0.28,0.72,1260.26,1521.38,1272.45,1503.53,"Mike Glennon","Mitchell Trubisky",105.25,149.98,-11.31,12.27,0.22,0.78,118.42,219.5,106.57,156.94,1259.47,1516.51,17,41
2020-12-27,2020,"r","BAL","NYG",1631.26,1375.48,0.86,0.14,1637.7,1369.04,1632.7,1401.5,"Lamar Jackson","Daniel Jones",242.7,109.32,10.96,-7.82,0.84,0.16,310.66,38.41,249.5,102.23,1640.54,1393.65,27,13
2020-12-27,2020,"r","NYJ","CLE",1297.65,1538.68,0.27,0.73,1330.82,1505.51,1304.12,1568.99,"Sam Darnold","Baker Mayfield",83.71,179.14,-11.71,22.36,0.18,0.82,86.78,-18.06,84.01,159.42,1342.92,1530.19,23,16
2020-12-27,2020,"r","WSH","CAR",1465.97,1385.82,0.7,0.3,1434.91,1416.88,1460.31,1406.78,"Dwayne Haskins","Teddy Bridgewater",93.62,193.11,-3.78,23.99,0.59,0.41,-120.89,30.07,72.17,176.81,1435.27,1431.82,13,20
2020-12-27,2020,"r","LAC","DEN",1415.51,1442.18,0.55,0.45,1427.64,1430.05,1412.84,1450.55,"Justin Herbert","Drew Lock",187.03,110.71,16.32,14.35,0.5,0.5,181.97,41.82,186.52,103.82,1426.67,1436.71,19,16
2020-12-27,2020,"r","SEA","LAR",1598.18,1593.22,0.6,0.4,1,1573.92,1587.59,1584.36,"Russell Wilson","Jared Goff",208.87,178.37,-0.49,-0.27,0.56,0.44,161.35,11.37,204.11,161.67,1609.21,1562.75,20,9
2020-12-27,2020,"r","DAL","PHI",1416.88,1435.06,0.57,0.43,1442.7,1409.25,1477.26,1440.21,"Andy Dalton","Jalen Hurts",116.05,127.51,-70.22,-5.86,0.52,0.48,292.46,144.74,133.69,129.24,1506.6,1410.87,37,17
2020-12-27,2020,"r","GB","TEN",1657.21,1612.05,0.65,0.35,1678.96,1590.29,1631.06,1588,"Aaron Rodgers","Ryan Tannehill",254.47,227.51,24.72,20.76,0.62,0.38,289.42,94.2,257.97,214.18,1655.43,1563.62,40,14
2020-12-28,2020,"r","NE","BUF",1514.66,8000,0.4,0.6,1488.3,1676.51,1507.28,1649.87,"Cam Newton","Josh Allen",125.99,260.18,-13.38,38.88,0.28,0.72,70.83,500.55,120.48,284.22,1489.25,1667.9,9,38
2021-01-03,2020,"r","NE","NYJ",1488.3,1330.82,0.78,0.22,1499,1320.12,1489.25,1342.92,"Cam Newton","Sam Darnold",120.48,84.01,-15.47,-10.97,0.73,0.27,297.63,76.85,138.19,83.3,1502.64,1329.53,28,14
2021-01-03,2020,"r","NYG","DAL",1369.04,1442.7,0.49,0.51,1385.6,1426.14,1393.65,1506.6,"Daniel Jones","Andy Dalton",102.23,133.69,-10.98,-57.88,0.46,0.54,130.87,15.58,105.09,121.88,1411.24,1489.01,23,19
2021-01-03,2020,"r","CIN","BAL",1382.19,1637.7,0.25,0.75,1365.68,1654.22,1416.86,1640.54,"Brandon Allen","Lamar Jackson",62.88,249.5,-78.31,13.81,0.17,0.83,-138.77,250.16,42.71,249.57,1406.34,1651.05,3,38
2021-01-03,2020,"r","BUF","MIA",1676.51,1562.52,0.74,0.26,1693.22,1545.82,1667.9,1579.43,"Josh Allen","Tua Tagovailoa",284.22,125.34,48.95,-39.17,0.77,0.23,215.97,154.71,277.39,128.28,1682.02,1565.31,56,26
2021-01-03,2020,"r","TB","ATL",1617.44,1487.27,0.75,0.25,1630.47,1474.24,1605.4,1461.5,"Tom Brady","Matt Ryan",215.94,167,22.27,-6.96,0.77,0.23,279.62,282.95,222.31,178.6,1617.66,1449.24,44,27
2021-01-03,2020,"r","DET","MIN",1341.87,1480.89,0.4,0.6,1333.47,1489.28,1347.29,1473.84,"Matthew Stafford","Kirk Cousins",151.19,188.6,-7.62,15.7,0.34,0.66,258.54,302.81,161.93,200.02,1340.18,1480.95,35,37
2021-01-03,2020,"r","CLE","PIT",1505.51,1583.63,0.48,0.52,1516.98,1572.16,1530.19,1585.18,"Baker Mayfield","Mason Rudolph",159.42,59.72,11.38,-137.72,0.68,0.32,210.13,169.19,164.49,70.67,1536.93,1578.45,24,22
2021-01-03,2020,"r","SF","SEA",1494.78,1617.48,0.42,0.58,1483.5,1628.77,1513.72,1609.21,"C.J. Beathard","Russell Wilson",102.85,204.11,-20.68,-2.84,0.39,0.61,172.8,157.99,109.85,199.5,1503.27,1619.65,23,26
2021-01-03,2020,"r","LAR","ARI",1573.92,1491.09,0.7,0.3,1587.86,1477.16,1562.75,1472.14,"John Wolford","Kyler Murray",28.11,253.22,-142.17,28.51,0.43,0.57,106.45,57.22,35.95,233.62,1591.44,1443.45,18,7
2021-01-03,2020,"r","IND","JAX",1592.83,1260.26,0.91,0.09,1597.06,1256.04,1589.27,1259.47,"Philip Rivers","Mike Glennon",179.53,106.57,10.84,-10.08,0.9,0.1,35.24,72.95,165.1,103.21,1593.77,1254.98,28,14
2021-01-03,2020,"r","KC","LAC",1777.93,1427.64,0.92,0.08,1712.65,1492.92,1757.26,1426.67,"Chad Henne","Justin Herbert",86.42,186.52,-178.35,15.25,0.73,0.27,236.7,317.17,101.45,199.59,1711.22,1472.72,21,38
2021-01-03,2020,"r","CAR","NO",1416.88,1681.11,0.24,0.76,1402.31,1695.68,1431.82,1718.44,"Teddy Bridgewater","Drew Brees",176.81,225.03,14.64,0.93,0.2,0.8,-16.1,197.63,157.52,222.29,1419.73,1730.53,7,33
2021-01-03,2020,"r","HOU","TEN",1405.45,1590.29,0.33,0.67,1396.66,1599.08,1379.43,1563.62,"Deshaun Watson","Ryan Tannehill",273.85,45.14,17.14,-218.57,0.46,0.45,358.26,374.27,207.5,6.37,1499.54,1443.45,99,41
2021-01-03,2020,"r","DEN","OAK",1430.05,1449.19,0.57,0.43,1422.04,1457.2,1436.71,1459.18,"Drew Lock","Derek Carr",103.82,189.69,10.19,0.35,0.53,0.47,216.11,136.53,115.05,184.37,1429.25,1466.64,31,32
2021-01-03,2020,"r","CHI","GB",1521.38,1678.96,0.37,0.63,1500.12,1700.23,1516.51,1655.43,"Mitchell Trubisky","Aaron Rodgers",156.94,257.97,15.13,25.23,0.34,0.66,235.97,344.79,164.84,266.65,1497.16,1674.79,16,35
2021-01-03,2020,"r","PHI","WSH",1409.25,1434.91,0.56,0.44,1387.2,1456.95,1410.87,1435.27,"Jalen Hurts","Alex Smith",129.24,117.67,-4.71,31.18,0.46,0.54,32.16,3.9,119.53,106.29,1393.13,1453.01,14,20
2021-01-09,2020,"w","BUF","IND",1693.22,1597.06,0.72,0.28,1700.54,1589.74,1682.02,1593.77,"Josh Allen","Philip Rivers",277.39,165.1,43.09,3.09,0.76,0.24,394.32,273.99,289.09,175.99,1688.25,1587.53,27,24
2021-01-09,2020,"w","SEA","LAR",1628.77,1587.86,0.65,0.35,1596.13,1620.5,1619.65,1591.44,"Russell Wilson","John Wolford",199.5,35.95,-5,-131.15,0.79,0.21,74.78,-25.62,187.03,29.79,1577.39,1633.7,20,30
2021-01-09,2020,"w","WSH","TB",1456.95,1630.47,0.35,0.65,1442.35,1645.07,1453.01,1617.66,"Taylor Heinicke","Tom Brady",8.41,222.31,-73.95,24.34,0.17,0.83,235.11,216.97,31.08,221.78,1446.25,1624.42,23,31
2021-01-10,2020,"w","TEN","BAL",1599.08,1654.22,0.51,0.49,1577.6,1675.7,1571.7,1651.05,"Ryan Tannehill","Lamar Jackson",216.96,249.57,13.79,13.15,0.43,0.57,125.2,185.76,207.78,243.19,1554.4,1668.35,13,20
2021-01-10,2020,"w","NO","CHI",1695.68,1500.12,0.82,0.18,1704.05,1491.75,1730.53,1497.16,"Drew Brees","Mitchell Trubisky",222.29,164.84,-0.49,18.32,0.85,0.15,267.13,200.16,226.77,168.37,1737.31,1490.38,21,9
2021-01-10,2020,"w","PIT","CLE",1572.16,1516.98,0.67,0.33,1537.13,1552.01,1578.45,1536.93,"Ben Roethlisberger","Baker Mayfield",204.93,164.49,8.9,13.35,0.62,0.38,345.5,346.77,218.99,182.72,1546.43,1568.94,37,48
2021-01-16,2020,"d","GB","LAR",1700.23,1620.5,0.7,0.3,1715.62,1605.1,1674.79,1633.7,"Aaron Rodgers","Jared Goff",266.65,161.67,28.31,4.22,0.71,0.29,366.69,126.79,276.65,158.19,1689.41,1619.08,32,18
2021-01-16,2020,"d","BUF","BAL",1700.54,1675.7,0.63,0.37,1719.97,1656.26,1688.25,1668.35,"Josh Allen","Lamar Jackson",289.09,243.19,46.79,9.3,0.65,0.35,131.12,12.09,273.29,220.08,1706.16,1650.44,17,3
2021-01-17,2020,"d","KC","CLE",1712.65,1552.01,0.79,0.21,1719.62,1545.05,1711.22,1568.94,"Patrick Mahomes","Baker Mayfield",273.85,182.72,10.48,21.79,0.79,0.21,252.95,107.24,271.76,175.17,1718.03,1562.13,22,17
2021-01-17,2020,"d","NO","TB",1704.05,1645.07,0.67,0.33,1669.94,1679.19,1737.31,1624.42,"Drew Brees","Tom Brady",226.77,221.78,1.78,22.86,0.71,0.29,-58.5,221.47,198.24,221.75,1700.95,1660.79,20,30
2021-01-24,2020,"c","GB","TB",1715.62,1679.19,0.64,0.36,1471.83,1700.23,1737.31,1453.49,"Aaron Rodgers","Tom Brady",276.65,221.75,31.89,21.7,0.63,0.37,358.26,-183.1,166.93,106.09,1607.97,1578.45,42,37
2021-01-24,2020,"c","KC","BUF",1719.62,1719.97,0.59,0.41,1597.06,1695.68,1711.22,1574.74,"Patrick Mahomes","Josh Allen",254.73,273.29,-8.12,36.55,0.51,0.49,358.26,-53.46,225.8,216.37,1640.54,1649.87,26,38
